-- MySQL dump 10.13  Distrib 5.7.25, for Linux (x86_64)
--
-- Host: localhost    Database: devadmctism
-- ------------------------------------------------------
-- Server version	5.7.25-0ubuntu0.18.04.2

/*!40101 SET @OLD_CHARACTER_SET_CLIENT=@@CHARACTER_SET_CLIENT */;
/*!40101 SET @OLD_CHARACTER_SET_RESULTS=@@CHARACTER_SET_RESULTS */;
/*!40101 SET @OLD_COLLATION_CONNECTION=@@COLLATION_CONNECTION */;
/*!40101 SET NAMES utf8 */;
/*!40103 SET @OLD_TIME_ZONE=@@TIME_ZONE */;
/*!40103 SET TIME_ZONE='+00:00' */;
/*!40014 SET @OLD_UNIQUE_CHECKS=@@UNIQUE_CHECKS, UNIQUE_CHECKS=0 */;
/*!40014 SET @OLD_FOREIGN_KEY_CHECKS=@@FOREIGN_KEY_CHECKS, FOREIGN_KEY_CHECKS=0 */;
/*!40101 SET @OLD_SQL_MODE=@@SQL_MODE, SQL_MODE='NO_AUTO_VALUE_ON_ZERO' */;
/*!40111 SET @OLD_SQL_NOTES=@@SQL_NOTES, SQL_NOTES=0 */;

--
-- Table structure for table `arquivo`
--

CREATE DATABASE devadmctism;
use admctism;

DROP TABLE IF EXISTS `arquivo`;
/*!40101 SET @saved_cs_client     = @@character_set_client */;
/*!40101 SET character_set_client = utf8 */;
CREATE TABLE `arquivo` (
  `id` bigint(20) NOT NULL AUTO_INCREMENT,
  `content_hash` varchar(255) NOT NULL,
  `original_name` varchar(255) NOT NULL,
  `name` varchar(255) NOT NULL,
  `dthr_criacao` datetime DEFAULT CURRENT_TIMESTAMP,
  PRIMARY KEY (`id`)
) ENGINE=InnoDB AUTO_INCREMENT=448 DEFAULT CHARSET=latin1;
/*!40101 SET character_set_client = @saved_cs_client */;

--
-- Dumping data for table `arquivo`
--

LOCK TABLES `arquivo` WRITE;
/*!40000 ALTER TABLE `arquivo` DISABLE KEYS */;
INSERT INTO `arquivo` VALUES (88,'cb74003cd57834ae4f71a8736949ff06f096b95ac7d42a9b6ca9d82af3cda67e','Spin393.mp3','1544624487','2019-01-30 11:38:57'),(92,'cb74003cd57834ae4f71a8736949ff06f096b95ac7d42a9b6ca9d82af3cda67e','Spin393.mp3','1544624487','2019-01-30 11:38:57'),(95,'cb74003cd57834ae4f71a8736949ff06f096b95ac7d42a9b6ca9d82af3cda67e','Spin393.mp3','1544624487','2019-01-30 11:38:57'),(96,'cb74003cd57834ae4f71a8736949ff06f096b95ac7d42a9b6ca9d82af3cda67e','Spin393.mp3','1544624487','2019-01-30 11:38:57'),(97,'cb74003cd57834ae4f71a8736949ff06f096b95ac7d42a9b6ca9d82af3cda67e','Spin393.mp3','1544624487','2019-01-30 11:38:57'),(98,'cb74003cd57834ae4f71a8736949ff06f096b95ac7d42a9b6ca9d82af3cda67e','Spin393.mp3','1544624487','2019-01-30 11:38:57'),(101,'cb74003cd57834ae4f71a8736949ff06f096b95ac7d42a9b6ca9d82af3cda67e','Spin393.mp3','1544624487','2019-01-30 11:38:57'),(102,'cb74003cd57834ae4f71a8736949ff06f096b95ac7d42a9b6ca9d82af3cda67e','Spin393.mp3','1544624487','2019-01-30 11:38:57'),(103,'cb74003cd57834ae4f71a8736949ff06f096b95ac7d42a9b6ca9d82af3cda67e','Spin393.mp3','1544624487','2019-01-30 11:38:57'),(104,'cb74003cd57834ae4f71a8736949ff06f096b95ac7d42a9b6ca9d82af3cda67e','Spin393.mp3','1544624487','2019-01-30 11:38:57'),(105,'cb74003cd57834ae4f71a8736949ff06f096b95ac7d42a9b6ca9d82af3cda67e','Spin393.mp3','1544624487','2019-01-30 11:38:57'),(106,'cb74003cd57834ae4f71a8736949ff06f096b95ac7d42a9b6ca9d82af3cda67e','Spin393.mp3','1544624487','2019-01-30 11:38:57'),(107,'cb74003cd57834ae4f71a8736949ff06f096b95ac7d42a9b6ca9d82af3cda67e','Spin393.mp3','1544624487','2019-01-30 11:38:57'),(108,'a5b06db64d24b4fb243767c2de0e6458db2d8d67bb051d7fa9bfdfefb4deb3ce','Spin390.mp3','1544628001','2019-01-30 11:38:57'),(109,'8780a6820e6e39ad201ccd84c189de96a40f1fa680aecd95424366cd3fa47115','Spin395.mp3','1544628002','2019-01-30 11:38:57'),(110,'cb74003cd57834ae4f71a8736949ff06f096b95ac7d42a9b6ca9d82af3cda67e','Spin393.mp3','1544624487','2019-01-30 11:38:57'),(111,'a5b06db64d24b4fb243767c2de0e6458db2d8d67bb051d7fa9bfdfefb4deb3ce','Spin390.mp3','1544628001','2019-01-30 11:38:57'),(112,'8780a6820e6e39ad201ccd84c189de96a40f1fa680aecd95424366cd3fa47115','Spin395.mp3','1544628002','2019-01-30 11:38:57'),(113,'a5b06db64d24b4fb243767c2de0e6458db2d8d67bb051d7fa9bfdfefb4deb3ce','Spin390.mp3','1544628001','2019-01-30 11:38:57'),(114,'a5b06db64d24b4fb243767c2de0e6458db2d8d67bb051d7fa9bfdfefb4deb3ce','Spin390.mp3','1544628001','2019-01-30 11:38:57'),(115,'c1ae954135db7cc9d27944cc5e8345f15606d5930966766676ecc219e552084c','Spin392.mp3','1544628387','2019-01-30 11:38:57'),(116,'cb74003cd57834ae4f71a8736949ff06f096b95ac7d42a9b6ca9d82af3cda67e','Spin393.mp3','1544624487','2019-01-30 11:38:57'),(117,'2f5cfe3d9b72a825ceec28338504cb89d78f47e97890db8060b657da05b9021c','ch017-chp006.pdf','1545244499','2019-01-30 11:38:57'),(118,'2f5cfe3d9b72a825ceec28338504cb89d78f47e97890db8060b657da05b9021c','ch017-chp006.pdf','1545244499','2019-01-30 11:38:57'),(119,'2f5cfe3d9b72a825ceec28338504cb89d78f47e97890db8060b657da05b9021c','ch017-chp006.pdf','1545244499','2019-01-30 11:38:57'),(120,'2f5cfe3d9b72a825ceec28338504cb89d78f47e97890db8060b657da05b9021c','ch017-chp006.pdf','1545244499','2019-01-30 11:38:57'),(121,'2f5cfe3d9b72a825ceec28338504cb89d78f47e97890db8060b657da05b9021c','ch017-chp006.pdf','1545244499','2019-01-30 11:38:57'),(122,'2f5cfe3d9b72a825ceec28338504cb89d78f47e97890db8060b657da05b9021c','ch017-chp006.pdf','1545244499','2019-01-30 11:38:57'),(123,'2f5cfe3d9b72a825ceec28338504cb89d78f47e97890db8060b657da05b9021c','ch017-chp006.pdf','1545244499','2019-01-30 11:38:57'),(124,'2f5cfe3d9b72a825ceec28338504cb89d78f47e97890db8060b657da05b9021c','ch017-chp006.pdf','1545244499','2019-01-30 11:38:57'),(125,'2f5cfe3d9b72a825ceec28338504cb89d78f47e97890db8060b657da05b9021c','ch017-chp006.pdf','1545244499','2019-01-30 11:38:57'),(126,'2f5cfe3d9b72a825ceec28338504cb89d78f47e97890db8060b657da05b9021c','ch017-chp006.pdf','1545244499','2019-01-30 11:38:57'),(127,'2f5cfe3d9b72a825ceec28338504cb89d78f47e97890db8060b657da05b9021c','ch017-chp006.pdf','1545244499','2019-01-30 11:38:57'),(128,'2f5cfe3d9b72a825ceec28338504cb89d78f47e97890db8060b657da05b9021c','ch017-chp006.pdf','1545244499','2019-01-30 11:38:57'),(129,'2f5cfe3d9b72a825ceec28338504cb89d78f47e97890db8060b657da05b9021c','ch017-chp006.pdf','1545244499','2019-01-30 11:38:57'),(130,'2f5cfe3d9b72a825ceec28338504cb89d78f47e97890db8060b657da05b9021c','ch017-chp006.pdf','1545244499','2019-01-30 11:38:57'),(131,'2f5cfe3d9b72a825ceec28338504cb89d78f47e97890db8060b657da05b9021c','ch017-chp006.pdf','1545244499','2019-01-30 11:38:57'),(132,'2f5cfe3d9b72a825ceec28338504cb89d78f47e97890db8060b657da05b9021c','ch017-chp006.pdf','1545244499','2019-01-30 11:38:57'),(133,'2f5cfe3d9b72a825ceec28338504cb89d78f47e97890db8060b657da05b9021c','ch017-chp006.pdf','1545244499','2019-01-30 11:38:57'),(134,'2f5cfe3d9b72a825ceec28338504cb89d78f47e97890db8060b657da05b9021c','ch017-chp006.pdf','1545244499','2019-01-30 11:38:57'),(135,'2f5cfe3d9b72a825ceec28338504cb89d78f47e97890db8060b657da05b9021c','ch017-chp006.pdf','1545244499','2019-01-30 11:38:57'),(136,'2f5cfe3d9b72a825ceec28338504cb89d78f47e97890db8060b657da05b9021c','ch017-chp006.pdf','1545244499','2019-01-30 11:38:57'),(137,'2f5cfe3d9b72a825ceec28338504cb89d78f47e97890db8060b657da05b9021c','ch017-chp006.pdf','1545244499','2019-01-30 11:38:57'),(138,'2f5cfe3d9b72a825ceec28338504cb89d78f47e97890db8060b657da05b9021c','ch017-chp006.pdf','1545244499','2019-01-30 11:38:57'),(139,'2f5cfe3d9b72a825ceec28338504cb89d78f47e97890db8060b657da05b9021c','ch017-chp006.pdf','1545244499','2019-01-30 11:38:57'),(140,'2f5cfe3d9b72a825ceec28338504cb89d78f47e97890db8060b657da05b9021c','ch017-chp006.pdf','1545244499','2019-01-30 11:38:57'),(141,'2f5cfe3d9b72a825ceec28338504cb89d78f47e97890db8060b657da05b9021c','ch017-chp006.pdf','1545244499','2019-01-30 11:38:57'),(142,'2f5cfe3d9b72a825ceec28338504cb89d78f47e97890db8060b657da05b9021c','ch017-chp006.pdf','1545244499','2019-01-30 11:38:57'),(143,'2f5cfe3d9b72a825ceec28338504cb89d78f47e97890db8060b657da05b9021c','ch017-chp006.pdf','1545244499','2019-01-30 11:38:57'),(144,'2f5cfe3d9b72a825ceec28338504cb89d78f47e97890db8060b657da05b9021c','ch017-chp006.pdf','1545244499','2019-01-30 11:38:57'),(145,'2f5cfe3d9b72a825ceec28338504cb89d78f47e97890db8060b657da05b9021c','ch017-chp006.pdf','1545244499','2019-01-30 11:38:57'),(146,'2f5cfe3d9b72a825ceec28338504cb89d78f47e97890db8060b657da05b9021c','ch017-chp006.pdf','1545244499','2019-01-30 11:38:57'),(147,'2f5cfe3d9b72a825ceec28338504cb89d78f47e97890db8060b657da05b9021c','ch017-chp006.pdf','1545244499','2019-01-30 11:38:57'),(148,'2f5cfe3d9b72a825ceec28338504cb89d78f47e97890db8060b657da05b9021c','ch017-chp006.pdf','1545244499','2019-01-30 11:38:57'),(159,'b1f5b9c329d8f4c9bb9d4b2dc820419b8a277e2886af023777a399c9ec187a2c','index.html','1546962949','2019-01-30 11:38:57'),(160,'b1f5b9c329d8f4c9bb9d4b2dc820419b8a277e2886af023777a399c9ec187a2c','index.html','1546962949','2019-01-30 11:38:57'),(161,'b1f5b9c329d8f4c9bb9d4b2dc820419b8a277e2886af023777a399c9ec187a2c','index.html','1546962949','2019-01-30 11:38:57'),(162,'b1f5b9c329d8f4c9bb9d4b2dc820419b8a277e2886af023777a399c9ec187a2c','index.html','1546962949','2019-01-30 11:38:57'),(164,'b1f5b9c329d8f4c9bb9d4b2dc820419b8a277e2886af023777a399c9ec187a2c','index.html','1546962949','2019-01-30 11:38:57'),(165,'b1f5b9c329d8f4c9bb9d4b2dc820419b8a277e2886af023777a399c9ec187a2c','index.html','1546962949','2019-01-30 11:38:57'),(166,'b1f5b9c329d8f4c9bb9d4b2dc820419b8a277e2886af023777a399c9ec187a2c','index.html','1546962949','2019-01-30 11:38:57'),(167,'b1f5b9c329d8f4c9bb9d4b2dc820419b8a277e2886af023777a399c9ec187a2c','index.html','1546962949','2019-01-30 11:38:57'),(168,'b1f5b9c329d8f4c9bb9d4b2dc820419b8a277e2886af023777a399c9ec187a2c','index.html','1546962949','2019-01-30 11:38:57'),(169,'b1f5b9c329d8f4c9bb9d4b2dc820419b8a277e2886af023777a399c9ec187a2c','index.html','1546962949','2019-01-30 11:38:57'),(170,'b1f5b9c329d8f4c9bb9d4b2dc820419b8a277e2886af023777a399c9ec187a2c','index.html','1546962949','2019-01-30 11:38:57'),(171,'b1f5b9c329d8f4c9bb9d4b2dc820419b8a277e2886af023777a399c9ec187a2c','index.html','1546962949','2019-01-30 11:38:57'),(172,'4ee59b44e0a88d173f66e0612bbbb4cd92b63d53ad959260aa2a5b15bfa7ca89','tessellate.3.0.modernizr.min.js','1548162398','2019-01-30 11:38:57'),(173,'4ee59b44e0a88d173f66e0612bbbb4cd92b63d53ad959260aa2a5b15bfa7ca89','tessellate.3.0.modernizr.min.js','1548162398','2019-01-30 11:38:57'),(174,'2ace97aaea2052100695dfa661dbb188973c93113c717e5fd85d844c9beec0f3','3080812.jpg','1548780380','2019-01-30 11:38:57'),(175,'2ace97aaea2052100695dfa661dbb188973c93113c717e5fd85d844c9beec0f3','3080812.jpg','1548780380','2019-01-30 11:38:57'),(176,'2ace97aaea2052100695dfa661dbb188973c93113c717e5fd85d844c9beec0f3','3080812.jpg','1548780380','2019-01-30 11:38:57'),(177,'2ace97aaea2052100695dfa661dbb188973c93113c717e5fd85d844c9beec0f3','3080812.jpg','1548780380','2019-01-30 11:38:57'),(178,'2ace97aaea2052100695dfa661dbb188973c93113c717e5fd85d844c9beec0f3','3080812.jpg','1548780380','2019-01-30 11:38:57'),(179,'2ace97aaea2052100695dfa661dbb188973c93113c717e5fd85d844c9beec0f3','3080812.jpg','1548780380','2019-01-30 11:38:57'),(180,'2ace97aaea2052100695dfa661dbb188973c93113c717e5fd85d844c9beec0f3','3080812.jpg','1548780380','2019-01-30 11:38:57'),(181,'2ace97aaea2052100695dfa661dbb188973c93113c717e5fd85d844c9beec0f3','3080812.jpg','1548780380','2019-01-30 11:38:57'),(182,'2ace97aaea2052100695dfa661dbb188973c93113c717e5fd85d844c9beec0f3','3080812.jpg','1548780380','2019-01-30 11:38:57'),(183,'2ace97aaea2052100695dfa661dbb188973c93113c717e5fd85d844c9beec0f3','3080812.jpg','1548780380','2019-01-30 11:38:57'),(184,'2ace97aaea2052100695dfa661dbb188973c93113c717e5fd85d844c9beec0f3','3080812.jpg','1548780380','2019-01-30 11:38:57'),(185,'2ace97aaea2052100695dfa661dbb188973c93113c717e5fd85d844c9beec0f3','3080812.jpg','1548780380','2019-01-30 11:38:57'),(186,'2ace97aaea2052100695dfa661dbb188973c93113c717e5fd85d844c9beec0f3','3080812.jpg','1548780380','2019-01-30 11:38:57'),(187,'2ace97aaea2052100695dfa661dbb188973c93113c717e5fd85d844c9beec0f3','3080812.jpg','1548780380','2019-01-30 11:38:57'),(188,'2ace97aaea2052100695dfa661dbb188973c93113c717e5fd85d844c9beec0f3','3080812.jpg','1548780380','2019-01-30 11:38:57'),(189,'2ace97aaea2052100695dfa661dbb188973c93113c717e5fd85d844c9beec0f3','3080812.jpg','1548780380','2019-01-30 11:38:57'),(190,'2ace97aaea2052100695dfa661dbb188973c93113c717e5fd85d844c9beec0f3','3080812.jpg','1548780380','2019-01-30 11:38:57'),(191,'2ace97aaea2052100695dfa661dbb188973c93113c717e5fd85d844c9beec0f3','3080812.jpg','1548780380','2019-01-30 11:38:57'),(192,'2ace97aaea2052100695dfa661dbb188973c93113c717e5fd85d844c9beec0f3','3080812.jpg','1548780380','2019-01-30 11:38:57'),(193,'2ace97aaea2052100695dfa661dbb188973c93113c717e5fd85d844c9beec0f3','3080812.jpg','1548780380','2019-01-30 11:38:57'),(194,'2ace97aaea2052100695dfa661dbb188973c93113c717e5fd85d844c9beec0f3','3080812.jpg','1548780380','2019-01-30 11:38:57'),(195,'2ace97aaea2052100695dfa661dbb188973c93113c717e5fd85d844c9beec0f3','3080812.jpg','1548780380','2019-01-30 11:38:57'),(196,'2ace97aaea2052100695dfa661dbb188973c93113c717e5fd85d844c9beec0f3','3080812.jpg','1548780380','2019-01-30 11:38:57'),(197,'2ace97aaea2052100695dfa661dbb188973c93113c717e5fd85d844c9beec0f3','3080812.jpg','1548780380','2019-01-30 11:38:57'),(198,'2ace97aaea2052100695dfa661dbb188973c93113c717e5fd85d844c9beec0f3','3080812.jpg','1548780380','2019-01-30 11:38:57'),(199,'2ace97aaea2052100695dfa661dbb188973c93113c717e5fd85d844c9beec0f3','3080812.jpg','1548780380','2019-01-30 11:38:57'),(200,'2ace97aaea2052100695dfa661dbb188973c93113c717e5fd85d844c9beec0f3','3080812.jpg','1548780380','2019-01-30 11:38:57'),(201,'2ace97aaea2052100695dfa661dbb188973c93113c717e5fd85d844c9beec0f3','3080812.jpg','1548780380','2019-01-30 11:38:57'),(202,'2ace97aaea2052100695dfa661dbb188973c93113c717e5fd85d844c9beec0f3','3080812.jpg','1548780380','2019-01-30 11:38:57'),(203,'2ace97aaea2052100695dfa661dbb188973c93113c717e5fd85d844c9beec0f3','3080812.jpg','1548780380','2019-01-30 11:38:57'),(204,'2ace97aaea2052100695dfa661dbb188973c93113c717e5fd85d844c9beec0f3','3080812.jpg','1548780380','2019-01-30 11:38:57'),(205,'2ace97aaea2052100695dfa661dbb188973c93113c717e5fd85d844c9beec0f3','3080812.jpg','1548780380','2019-01-30 11:38:57'),(206,'2ace97aaea2052100695dfa661dbb188973c93113c717e5fd85d844c9beec0f3','3080812.jpg','1548780380','2019-01-30 11:38:57'),(207,'2ace97aaea2052100695dfa661dbb188973c93113c717e5fd85d844c9beec0f3','3080812.jpg','1548780380','2019-01-30 11:38:57'),(208,'2ace97aaea2052100695dfa661dbb188973c93113c717e5fd85d844c9beec0f3','3080812.jpg','1548780380','2019-01-30 11:38:57'),(209,'2ace97aaea2052100695dfa661dbb188973c93113c717e5fd85d844c9beec0f3','3080812.jpg','1548780380','2019-01-30 11:38:57'),(210,'2ace97aaea2052100695dfa661dbb188973c93113c717e5fd85d844c9beec0f3','3080812.jpg','1548780380','2019-01-30 11:38:57'),(211,'2ace97aaea2052100695dfa661dbb188973c93113c717e5fd85d844c9beec0f3','3080812.jpg','1548780380','2019-01-30 11:38:57'),(212,'2ace97aaea2052100695dfa661dbb188973c93113c717e5fd85d844c9beec0f3','3080812.jpg','1548780380','2019-01-30 11:38:57'),(213,'2ace97aaea2052100695dfa661dbb188973c93113c717e5fd85d844c9beec0f3','3080812.jpg','1548780380','2019-01-30 11:38:57'),(214,'2ace97aaea2052100695dfa661dbb188973c93113c717e5fd85d844c9beec0f3','3080812.jpg','1548780380','2019-01-30 11:38:57'),(215,'2ace97aaea2052100695dfa661dbb188973c93113c717e5fd85d844c9beec0f3','3080812.jpg','1548780380','2019-01-30 11:38:57'),(216,'2ace97aaea2052100695dfa661dbb188973c93113c717e5fd85d844c9beec0f3','3080812.jpg','1548780380','2019-01-30 11:38:57'),(217,'2ace97aaea2052100695dfa661dbb188973c93113c717e5fd85d844c9beec0f3','3080812.jpg','1548780380','2019-01-30 11:38:57'),(218,'2ace97aaea2052100695dfa661dbb188973c93113c717e5fd85d844c9beec0f3','3080812.jpg','1548780380','2019-01-30 11:38:57'),(219,'2ace97aaea2052100695dfa661dbb188973c93113c717e5fd85d844c9beec0f3','3080812.jpg','1548780380','2019-01-30 11:38:57'),(220,'2ace97aaea2052100695dfa661dbb188973c93113c717e5fd85d844c9beec0f3','3080812.jpg','1548780380','2019-01-30 11:38:57'),(221,'2ace97aaea2052100695dfa661dbb188973c93113c717e5fd85d844c9beec0f3','3080812.jpg','1548780380','2019-01-30 11:38:57'),(222,'2ace97aaea2052100695dfa661dbb188973c93113c717e5fd85d844c9beec0f3','3080812.jpg','1548780380','2019-01-30 11:38:57'),(223,'2ace97aaea2052100695dfa661dbb188973c93113c717e5fd85d844c9beec0f3','3080812.jpg','1548780380','2019-01-30 11:38:57'),(224,'2ace97aaea2052100695dfa661dbb188973c93113c717e5fd85d844c9beec0f3','3080812.jpg','1548780380','2019-01-30 11:38:57'),(225,'2ace97aaea2052100695dfa661dbb188973c93113c717e5fd85d844c9beec0f3','3080812.jpg','1548780380','2019-01-30 11:38:57'),(226,'2ace97aaea2052100695dfa661dbb188973c93113c717e5fd85d844c9beec0f3','3080812.jpg','1548780380','2019-01-30 11:38:57'),(227,'2ace97aaea2052100695dfa661dbb188973c93113c717e5fd85d844c9beec0f3','3080812.jpg','1548780380','2019-01-30 11:38:57'),(228,'2ace97aaea2052100695dfa661dbb188973c93113c717e5fd85d844c9beec0f3','3080812.jpg','1548780380','2019-01-30 11:38:57'),(229,'2ace97aaea2052100695dfa661dbb188973c93113c717e5fd85d844c9beec0f3','3080812.jpg','1548780380','2019-01-30 11:38:57'),(230,'2ace97aaea2052100695dfa661dbb188973c93113c717e5fd85d844c9beec0f3','3080812.jpg','1548780380','2019-01-30 11:38:57'),(231,'2ace97aaea2052100695dfa661dbb188973c93113c717e5fd85d844c9beec0f3','3080812.jpg','1548780380','2019-01-30 11:38:57'),(232,'2ace97aaea2052100695dfa661dbb188973c93113c717e5fd85d844c9beec0f3','3080812.jpg','1548780380','2019-01-30 11:38:57'),(233,'2ace97aaea2052100695dfa661dbb188973c93113c717e5fd85d844c9beec0f3','3080812.jpg','1548780380','2019-01-30 11:38:57'),(234,'2ace97aaea2052100695dfa661dbb188973c93113c717e5fd85d844c9beec0f3','3080812.jpg','1548780380','2019-01-30 11:38:57'),(235,'2ace97aaea2052100695dfa661dbb188973c93113c717e5fd85d844c9beec0f3','3080812.jpg','1548780380','2019-01-30 11:38:57'),(236,'2ace97aaea2052100695dfa661dbb188973c93113c717e5fd85d844c9beec0f3','3080812.jpg','1548780380','2019-01-30 11:38:57'),(237,'2ace97aaea2052100695dfa661dbb188973c93113c717e5fd85d844c9beec0f3','3080812.jpg','1548780380','2019-01-30 11:38:57'),(238,'2ace97aaea2052100695dfa661dbb188973c93113c717e5fd85d844c9beec0f3','3080812.jpg','1548780380','2019-01-30 11:38:57'),(239,'2ace97aaea2052100695dfa661dbb188973c93113c717e5fd85d844c9beec0f3','3080812.jpg','1548780380','2019-01-30 11:38:57'),(240,'2ace97aaea2052100695dfa661dbb188973c93113c717e5fd85d844c9beec0f3','3080812.jpg','1548780380','2019-01-30 11:38:57'),(241,'2ace97aaea2052100695dfa661dbb188973c93113c717e5fd85d844c9beec0f3','3080812.jpg','1548780380','2019-01-30 11:38:57'),(242,'2ace97aaea2052100695dfa661dbb188973c93113c717e5fd85d844c9beec0f3','3080812.jpg','1548780380','2019-01-30 11:38:57'),(243,'2ace97aaea2052100695dfa661dbb188973c93113c717e5fd85d844c9beec0f3','3080812.jpg','1548780380','2019-01-30 11:38:57'),(244,'2ace97aaea2052100695dfa661dbb188973c93113c717e5fd85d844c9beec0f3','3080812.jpg','1548780380','2019-01-30 11:38:57'),(245,'2ace97aaea2052100695dfa661dbb188973c93113c717e5fd85d844c9beec0f3','3080812.jpg','1548780380','2019-01-30 11:38:57'),(246,'2ace97aaea2052100695dfa661dbb188973c93113c717e5fd85d844c9beec0f3','3080812.jpg','1548780380','2019-01-30 11:38:57'),(247,'2ace97aaea2052100695dfa661dbb188973c93113c717e5fd85d844c9beec0f3','3080812.jpg','1548780380','2019-01-30 11:38:57'),(248,'2ace97aaea2052100695dfa661dbb188973c93113c717e5fd85d844c9beec0f3','3080812.jpg','1548780380','2019-01-30 11:38:57'),(249,'2ace97aaea2052100695dfa661dbb188973c93113c717e5fd85d844c9beec0f3','3080812.jpg','1548780380','2019-01-30 11:38:57'),(250,'2ace97aaea2052100695dfa661dbb188973c93113c717e5fd85d844c9beec0f3','3080812.jpg','1548780380','2019-01-30 11:38:57'),(251,'2ace97aaea2052100695dfa661dbb188973c93113c717e5fd85d844c9beec0f3','3080812.jpg','1548780380','2019-01-30 11:38:57'),(252,'2ace97aaea2052100695dfa661dbb188973c93113c717e5fd85d844c9beec0f3','3080812.jpg','1548780380','2019-01-30 11:38:57'),(253,'2ace97aaea2052100695dfa661dbb188973c93113c717e5fd85d844c9beec0f3','3080812.jpg','1548780380','2019-01-30 11:38:57'),(254,'2ace97aaea2052100695dfa661dbb188973c93113c717e5fd85d844c9beec0f3','3080812.jpg','1548780380','2019-01-30 11:38:57'),(255,'2ace97aaea2052100695dfa661dbb188973c93113c717e5fd85d844c9beec0f3','3080812.jpg','1548780380','2019-01-30 11:38:57'),(256,'2ace97aaea2052100695dfa661dbb188973c93113c717e5fd85d844c9beec0f3','3080812.jpg','1548780380','2019-01-30 11:38:57'),(257,'2ace97aaea2052100695dfa661dbb188973c93113c717e5fd85d844c9beec0f3','3080812.jpg','1548780380','2019-01-30 11:38:57'),(258,'2ace97aaea2052100695dfa661dbb188973c93113c717e5fd85d844c9beec0f3','3080812.jpg','1548780380','2019-01-30 11:38:57'),(259,'2ace97aaea2052100695dfa661dbb188973c93113c717e5fd85d844c9beec0f3','3080812.jpg','1548780380','2019-01-30 11:38:57'),(260,'2ace97aaea2052100695dfa661dbb188973c93113c717e5fd85d844c9beec0f3','3080812.jpg','1548780380','2019-01-30 11:38:57'),(261,'2ace97aaea2052100695dfa661dbb188973c93113c717e5fd85d844c9beec0f3','3080812.jpg','1548780380','2019-01-30 11:38:57'),(262,'2ace97aaea2052100695dfa661dbb188973c93113c717e5fd85d844c9beec0f3','3080812.jpg','1548780380','2019-01-30 11:38:57'),(263,'2ace97aaea2052100695dfa661dbb188973c93113c717e5fd85d844c9beec0f3','3080812.jpg','1548780380','2019-01-30 11:38:57'),(264,'2ace97aaea2052100695dfa661dbb188973c93113c717e5fd85d844c9beec0f3','3080812.jpg','1548780380','2019-01-30 11:38:57'),(265,'2ace97aaea2052100695dfa661dbb188973c93113c717e5fd85d844c9beec0f3','3080812.jpg','1548780380','2019-01-30 11:38:57'),(266,'2ace97aaea2052100695dfa661dbb188973c93113c717e5fd85d844c9beec0f3','3080812.jpg','1548780380','2019-01-30 11:38:57'),(267,'2ace97aaea2052100695dfa661dbb188973c93113c717e5fd85d844c9beec0f3','3080812.jpg','1548780380','2019-01-30 11:38:57'),(268,'2ace97aaea2052100695dfa661dbb188973c93113c717e5fd85d844c9beec0f3','3080812.jpg','1548780380','2019-01-30 11:38:57'),(269,'2ace97aaea2052100695dfa661dbb188973c93113c717e5fd85d844c9beec0f3','3080812.jpg','1548780380','2019-01-30 11:38:57'),(270,'2ace97aaea2052100695dfa661dbb188973c93113c717e5fd85d844c9beec0f3','3080812.jpg','1548780380','2019-01-30 11:38:57'),(271,'2ace97aaea2052100695dfa661dbb188973c93113c717e5fd85d844c9beec0f3','3080812.jpg','1548780380','2019-01-30 11:38:57'),(272,'2ace97aaea2052100695dfa661dbb188973c93113c717e5fd85d844c9beec0f3','3080812.jpg','1548780380','2019-01-30 11:38:57'),(273,'2ace97aaea2052100695dfa661dbb188973c93113c717e5fd85d844c9beec0f3','3080812.jpg','1548780380','2019-01-30 11:38:57'),(274,'2ace97aaea2052100695dfa661dbb188973c93113c717e5fd85d844c9beec0f3','3080812.jpg','1548780380','2019-01-30 11:38:57'),(275,'2ace97aaea2052100695dfa661dbb188973c93113c717e5fd85d844c9beec0f3','3080812.jpg','1548780380','2019-01-30 11:38:57'),(276,'2ace97aaea2052100695dfa661dbb188973c93113c717e5fd85d844c9beec0f3','3080812.jpg','1548780380','2019-01-30 11:38:57'),(277,'2ace97aaea2052100695dfa661dbb188973c93113c717e5fd85d844c9beec0f3','3080812.jpg','1548780380','2019-01-30 11:38:57'),(278,'2ace97aaea2052100695dfa661dbb188973c93113c717e5fd85d844c9beec0f3','3080812.jpg','1548780380','2019-01-30 11:38:57'),(279,'2ace97aaea2052100695dfa661dbb188973c93113c717e5fd85d844c9beec0f3','3080812.jpg','1548780380','2019-01-30 11:38:57'),(280,'2ace97aaea2052100695dfa661dbb188973c93113c717e5fd85d844c9beec0f3','3080812.jpg','1548780380','2019-01-30 11:38:57'),(281,'2ace97aaea2052100695dfa661dbb188973c93113c717e5fd85d844c9beec0f3','3080812.jpg','1548780380','2019-01-30 11:38:57'),(282,'2ace97aaea2052100695dfa661dbb188973c93113c717e5fd85d844c9beec0f3','3080812.jpg','1548780380','2019-01-30 11:38:57'),(283,'2ace97aaea2052100695dfa661dbb188973c93113c717e5fd85d844c9beec0f3','3080812.jpg','1548780380','2019-01-30 11:38:57'),(284,'2ace97aaea2052100695dfa661dbb188973c93113c717e5fd85d844c9beec0f3','3080812.jpg','1548780380','2019-01-30 11:38:57'),(285,'2ace97aaea2052100695dfa661dbb188973c93113c717e5fd85d844c9beec0f3','3080812.jpg','1548780380','2019-01-30 11:38:57'),(286,'2ace97aaea2052100695dfa661dbb188973c93113c717e5fd85d844c9beec0f3','3080812.jpg','1548780380','2019-01-30 11:38:57'),(287,'2ace97aaea2052100695dfa661dbb188973c93113c717e5fd85d844c9beec0f3','3080812.jpg','1548780380','2019-01-30 11:38:57'),(288,'2ace97aaea2052100695dfa661dbb188973c93113c717e5fd85d844c9beec0f3','3080812.jpg','1548780380','2019-01-30 11:38:57'),(289,'2ace97aaea2052100695dfa661dbb188973c93113c717e5fd85d844c9beec0f3','3080812.jpg','1548780380','2019-01-30 11:38:57'),(290,'2ace97aaea2052100695dfa661dbb188973c93113c717e5fd85d844c9beec0f3','3080812.jpg','1548780380','2019-01-30 11:38:57'),(291,'2ace97aaea2052100695dfa661dbb188973c93113c717e5fd85d844c9beec0f3','3080812.jpg','1548780380','2019-01-30 11:38:57'),(292,'2ace97aaea2052100695dfa661dbb188973c93113c717e5fd85d844c9beec0f3','3080812.jpg','1548780380','2019-01-30 11:38:57'),(293,'2ace97aaea2052100695dfa661dbb188973c93113c717e5fd85d844c9beec0f3','3080812.jpg','1548780380','2019-01-30 11:38:57'),(294,'2ace97aaea2052100695dfa661dbb188973c93113c717e5fd85d844c9beec0f3','3080812.jpg','1548780380','2019-01-30 11:38:57'),(295,'2ace97aaea2052100695dfa661dbb188973c93113c717e5fd85d844c9beec0f3','3080812.jpg','1548780380','2019-01-30 11:38:57'),(296,'2ace97aaea2052100695dfa661dbb188973c93113c717e5fd85d844c9beec0f3','3080812.jpg','1548780380','2019-01-30 11:38:57'),(297,'2ace97aaea2052100695dfa661dbb188973c93113c717e5fd85d844c9beec0f3','3080812.jpg','1548780380','2019-01-30 11:38:57'),(298,'2ace97aaea2052100695dfa661dbb188973c93113c717e5fd85d844c9beec0f3','3080812.jpg','1548780380','2019-01-30 11:38:57'),(299,'2ace97aaea2052100695dfa661dbb188973c93113c717e5fd85d844c9beec0f3','3080812.jpg','1548780380','2019-01-30 11:38:57'),(300,'2ace97aaea2052100695dfa661dbb188973c93113c717e5fd85d844c9beec0f3','3080812.jpg','1548780380','2019-01-30 11:38:57'),(301,'2ace97aaea2052100695dfa661dbb188973c93113c717e5fd85d844c9beec0f3','3080812.jpg','1548780380','2019-01-30 11:38:57'),(302,'2ace97aaea2052100695dfa661dbb188973c93113c717e5fd85d844c9beec0f3','3080812.jpg','1548780380','2019-01-30 11:38:57'),(303,'2ace97aaea2052100695dfa661dbb188973c93113c717e5fd85d844c9beec0f3','3080812.jpg','1548780380','2019-01-30 11:38:57'),(304,'2ace97aaea2052100695dfa661dbb188973c93113c717e5fd85d844c9beec0f3','3080812.jpg','1548780380','2019-01-30 11:38:57'),(305,'2ace97aaea2052100695dfa661dbb188973c93113c717e5fd85d844c9beec0f3','3080812.jpg','1548780380','2019-01-30 11:38:57'),(306,'2ace97aaea2052100695dfa661dbb188973c93113c717e5fd85d844c9beec0f3','3080812.jpg','1548780380','2019-01-30 11:38:57'),(307,'2ace97aaea2052100695dfa661dbb188973c93113c717e5fd85d844c9beec0f3','3080812.jpg','1548780380','2019-01-30 11:38:57'),(308,'2ace97aaea2052100695dfa661dbb188973c93113c717e5fd85d844c9beec0f3','3080812.jpg','1548780380','2019-01-30 11:38:57'),(309,'2ace97aaea2052100695dfa661dbb188973c93113c717e5fd85d844c9beec0f3','3080812.jpg','1548780380','2019-01-30 11:38:57'),(310,'2ace97aaea2052100695dfa661dbb188973c93113c717e5fd85d844c9beec0f3','3080812.jpg','1548780380','2019-01-30 11:38:57'),(313,'e4a33bf7ae2b834f5ec5ac7209cc4a22c6447892d11475058e163662f64b3348','post-65414-neil-tyson-pluto-middle-finger-x8t.jpeg','1549025857','2019-02-01 10:57:37'),(314,'e4a33bf7ae2b834f5ec5ac7209cc4a22c6447892d11475058e163662f64b3348','post-65414-neil-tyson-pluto-middle-finger-x8t.jpeg','1549025857','2019-02-01 11:27:53'),(315,'2ace97aaea2052100695dfa661dbb188973c93113c717e5fd85d844c9beec0f3','3080812.jpg','1548780380','2019-02-01 11:28:17'),(316,'92f9aa71c3d9746e664205a0a0a7dba52dd91902b03ffce21d1d5a34b35e3d33','176990-say-Pluto-one-more-time-I-dare-34YU.jpeg','1549027717','2019-02-01 11:28:37'),(317,'2ace97aaea2052100695dfa661dbb188973c93113c717e5fd85d844c9beec0f3','3080812.jpg','1548780380','2019-02-04 14:20:15'),(318,'2ace97aaea2052100695dfa661dbb188973c93113c717e5fd85d844c9beec0f3','3080812.jpg','1548780380','2019-02-04 14:22:25'),(319,'2ace97aaea2052100695dfa661dbb188973c93113c717e5fd85d844c9beec0f3','3080812.jpg','1548780380','2019-02-04 14:22:39'),(320,'2ace97aaea2052100695dfa661dbb188973c93113c717e5fd85d844c9beec0f3','3080812.jpg','1548780380','2019-02-04 14:23:03'),(321,'2ace97aaea2052100695dfa661dbb188973c93113c717e5fd85d844c9beec0f3','3080812.jpg','1548780380','2019-02-04 14:23:21'),(322,'2ace97aaea2052100695dfa661dbb188973c93113c717e5fd85d844c9beec0f3','3080812.jpg','1548780380','2019-02-04 14:27:18'),(323,'2ace97aaea2052100695dfa661dbb188973c93113c717e5fd85d844c9beec0f3','3080812.jpg','1548780380','2019-02-04 14:36:17'),(324,'d56273051717fc2bf74dda3328f0a671e7e5ef0b13307ff38d41941604db1f26','56168146.jpg','1549298177','2019-02-04 14:36:17'),(325,'2ace97aaea2052100695dfa661dbb188973c93113c717e5fd85d844c9beec0f3','3080812.jpg','1548780380','2019-02-04 14:44:31'),(326,'d56273051717fc2bf74dda3328f0a671e7e5ef0b13307ff38d41941604db1f26','56168146.jpg','1549298177','2019-02-04 14:44:31'),(327,'2ace97aaea2052100695dfa661dbb188973c93113c717e5fd85d844c9beec0f3','3080812.jpg','1548780380','2019-02-04 14:45:24'),(328,'d56273051717fc2bf74dda3328f0a671e7e5ef0b13307ff38d41941604db1f26','56168146.jpg','1549298177','2019-02-04 14:45:24'),(329,'2ace97aaea2052100695dfa661dbb188973c93113c717e5fd85d844c9beec0f3','3080812.jpg','1548780380','2019-02-04 14:52:27'),(330,'d56273051717fc2bf74dda3328f0a671e7e5ef0b13307ff38d41941604db1f26','56168146.jpg','1549298177','2019-02-04 14:52:27'),(333,'2ace97aaea2052100695dfa661dbb188973c93113c717e5fd85d844c9beec0f3','3080812.jpg','1548780380','2019-02-04 14:57:44'),(334,'d56273051717fc2bf74dda3328f0a671e7e5ef0b13307ff38d41941604db1f26','56168146.jpg','1549298177','2019-02-04 14:57:45'),(335,'2ace97aaea2052100695dfa661dbb188973c93113c717e5fd85d844c9beec0f3','3080812.jpg','1548780380','2019-02-04 14:57:45'),(336,'d56273051717fc2bf74dda3328f0a671e7e5ef0b13307ff38d41941604db1f26','56168146.jpg','1549298177','2019-02-04 14:57:45'),(337,'2ace97aaea2052100695dfa661dbb188973c93113c717e5fd85d844c9beec0f3','3080812.jpg','1548780380','2019-02-04 15:21:07'),(338,'2ace97aaea2052100695dfa661dbb188973c93113c717e5fd85d844c9beec0f3','3080812.jpg','1548780380','2019-02-04 15:21:07'),(339,'2ace97aaea2052100695dfa661dbb188973c93113c717e5fd85d844c9beec0f3','3080812.jpg','1548780380','2019-02-04 15:21:07'),(340,'2ace97aaea2052100695dfa661dbb188973c93113c717e5fd85d844c9beec0f3','3080812.jpg','1548780380','2019-02-04 15:21:07'),(341,'2ace97aaea2052100695dfa661dbb188973c93113c717e5fd85d844c9beec0f3','3080812.jpg','1548780380','2019-02-04 15:21:07'),(342,'2ace97aaea2052100695dfa661dbb188973c93113c717e5fd85d844c9beec0f3','3080812.jpg','1548780380','2019-02-04 15:21:07'),(343,'2ace97aaea2052100695dfa661dbb188973c93113c717e5fd85d844c9beec0f3','3080812.jpg','1548780380','2019-02-04 15:21:07'),(344,'2ace97aaea2052100695dfa661dbb188973c93113c717e5fd85d844c9beec0f3','3080812.jpg','1548780380','2019-02-04 15:21:07'),(349,'0ca79a9b8b5287282c67db86b3a7cae68f141c582f95391feb6fed5e041d9517','mem-8g-002.png','1550169181','2019-02-14 16:33:01'),(350,'0ca79a9b8b5287282c67db86b3a7cae68f141c582f95391feb6fed5e041d9517','mem-8g-002.png','1550169181','2019-02-14 16:33:01'),(351,'0ca79a9b8b5287282c67db86b3a7cae68f141c582f95391feb6fed5e041d9517','mem-8g-002.png','1550169181','2019-02-14 16:33:02'),(352,'0ca79a9b8b5287282c67db86b3a7cae68f141c582f95391feb6fed5e041d9517','mem-8g-002.png','1550169181','2019-02-14 16:33:02'),(353,'0ca79a9b8b5287282c67db86b3a7cae68f141c582f95391feb6fed5e041d9517','mem-8g-002.png','1550169181','2019-02-14 16:37:08'),(354,'0ca79a9b8b5287282c67db86b3a7cae68f141c582f95391feb6fed5e041d9517','mem-8g-002.png','1550169181','2019-02-14 16:37:08'),(355,'0ca79a9b8b5287282c67db86b3a7cae68f141c582f95391feb6fed5e041d9517','mem-8g-002.png','1550169181','2019-02-14 16:37:27'),(362,'0ca79a9b8b5287282c67db86b3a7cae68f141c582f95391feb6fed5e041d9517','mem-8g-002.png','1550169181','2019-02-14 16:40:12'),(363,'0ca79a9b8b5287282c67db86b3a7cae68f141c582f95391feb6fed5e041d9517','mem-8g-002.png','1550169181','2019-02-14 16:40:52'),(364,'0ca79a9b8b5287282c67db86b3a7cae68f141c582f95391feb6fed5e041d9517','mem-8g-002.png','1550169181','2019-02-14 16:41:18'),(365,'0ca79a9b8b5287282c67db86b3a7cae68f141c582f95391feb6fed5e041d9517','mem-8g-002.png','1550169181','2019-02-14 16:42:26'),(366,'0ca79a9b8b5287282c67db86b3a7cae68f141c582f95391feb6fed5e041d9517','mem-8g-002.png','1550169181','2019-02-14 16:46:01'),(367,'0ca79a9b8b5287282c67db86b3a7cae68f141c582f95391feb6fed5e041d9517','mem-8g-002.png','1550169181','2019-02-14 16:47:03'),(368,'0ca79a9b8b5287282c67db86b3a7cae68f141c582f95391feb6fed5e041d9517','mem-8g-002.png','1550169181','2019-02-14 16:48:54'),(369,'0ca79a9b8b5287282c67db86b3a7cae68f141c582f95391feb6fed5e041d9517','mem-8g-002.png','1550169181','2019-02-14 16:48:54'),(370,'11753f466051404c11f85c2639854090fede193d921b987c02d9072a99b5fc23','hd-sata-35-002.png','1550170644','2019-02-14 16:57:24'),(371,'11753f466051404c11f85c2639854090fede193d921b987c02d9072a99b5fc23','hd-sata-35-002.png','1550170644','2019-02-14 16:57:24'),(372,'ea912269da8f4de2317c86a45778f149265f71861a691d6dd3841f23b38fe0f2','hd-sas-35-003.png','1550170783','2019-02-14 16:59:43'),(373,'0c16032a3a50347106701323590f06d41afaa5f105ec3844366fbfdd6895e887','mod-bateria-nobreak-001.png','1550171042','2019-02-14 17:04:02'),(374,'079d005a679b97a84ed5ff43296f576a684d16c60ff9ab2d5f20c9ccde2a1137','mem-001.png','1550512147','2019-02-18 14:49:08'),(375,'079d005a679b97a84ed5ff43296f576a684d16c60ff9ab2d5f20c9ccde2a1137','mem-001.png','1550512147','2019-02-18 15:30:04'),(376,'079d005a679b97a84ed5ff43296f576a684d16c60ff9ab2d5f20c9ccde2a1137','mem-001.png','1550512147','2019-02-18 15:30:04'),(377,'079d005a679b97a84ed5ff43296f576a684d16c60ff9ab2d5f20c9ccde2a1137','mem-001.png','1550512147','2019-02-18 15:30:04'),(378,'ebdc3a05a26a4739598ff1ae75bdc07d7aa6e7433db7e43e41a44fefc248afbb','hd-sata-35-001.png','1550582532','2019-02-19 10:22:12'),(379,'ebdc3a05a26a4739598ff1ae75bdc07d7aa6e7433db7e43e41a44fefc248afbb','hd-sata-35-001.png','1550582532','2019-02-19 10:22:13'),(380,'079d005a679b97a84ed5ff43296f576a684d16c60ff9ab2d5f20c9ccde2a1137','mem-001.png','1550512147','2019-02-19 10:22:13'),(381,'0ca79a9b8b5287282c67db86b3a7cae68f141c582f95391feb6fed5e041d9517','mem-8g-002.png','1550169181','2019-02-19 10:22:13'),(382,'3afb3054e542d121230ee139029f8ea4ee0c6b0395e0fdf7c3795e1dbf16c201','mem-8g-001.png','1550582533','2019-02-19 10:22:13'),(383,'bef81064fd3ad460a70dce705cf308fc2387fa1e22ab33a7311c9cff8ba421aa','hd-sas-35-002.png','1550775796','2019-02-21 16:03:16'),(384,'a89660b092144c4ccb0685234a7763df1cce4b0c4b1fdb9b55a77f34b38b3b06','nobreak-003.png','1550777676','2019-02-21 16:34:36'),(385,'079d005a679b97a84ed5ff43296f576a684d16c60ff9ab2d5f20c9ccde2a1137','mem-001.png','1550512147','2019-02-21 16:44:43'),(386,'945d6aaa09f029f1098b838d6d15e936ed1b3cf63b810a03976c5e8358a0feb4','mod-bateria-nobreak.txt','1550779086','2019-02-21 16:58:06'),(387,'11753f466051404c11f85c2639854090fede193d921b987c02d9072a99b5fc23','hd-sata-35-002.png','1550170644','2019-02-21 16:59:27'),(388,'bc9943eb54ea8ca4015324838cf9f67cad861d87d11ace3c2384555208257b89','hd-sas-25-003.png','1550779246','2019-02-21 17:00:46'),(389,'079d005a679b97a84ed5ff43296f576a684d16c60ff9ab2d5f20c9ccde2a1137','mem-001.png','1550512147','2019-02-21 17:28:50'),(390,'079d005a679b97a84ed5ff43296f576a684d16c60ff9ab2d5f20c9ccde2a1137','mem-001.png','1550512147','2019-02-21 17:29:32'),(391,'079d005a679b97a84ed5ff43296f576a684d16c60ff9ab2d5f20c9ccde2a1137','mem-001.png','1550512147','2019-02-21 17:34:46'),(392,'079d005a679b97a84ed5ff43296f576a684d16c60ff9ab2d5f20c9ccde2a1137','mem-001.png','1550512147','2019-02-21 17:37:10'),(393,'bef81064fd3ad460a70dce705cf308fc2387fa1e22ab33a7311c9cff8ba421aa','hd-sas-35-002.png','1550775796','2019-02-21 17:40:07'),(394,'079d005a679b97a84ed5ff43296f576a684d16c60ff9ab2d5f20c9ccde2a1137','mem-001.png','1550512147','2019-02-21 17:41:19'),(395,'079d005a679b97a84ed5ff43296f576a684d16c60ff9ab2d5f20c9ccde2a1137','mem-001.png','1550512147','2019-02-21 17:47:38'),(396,'945d6aaa09f029f1098b838d6d15e936ed1b3cf63b810a03976c5e8358a0feb4','mod-bateria-nobreak.txt','1550779086','2019-02-21 18:04:03'),(397,'079d005a679b97a84ed5ff43296f576a684d16c60ff9ab2d5f20c9ccde2a1137','mem-001.png','1550512147','2019-02-21 18:08:27'),(398,'079d005a679b97a84ed5ff43296f576a684d16c60ff9ab2d5f20c9ccde2a1137','mem-001.png','1550512147','2019-02-21 18:08:41'),(399,'079d005a679b97a84ed5ff43296f576a684d16c60ff9ab2d5f20c9ccde2a1137','mem-001.png','1550512147','2019-02-21 18:10:20'),(400,'079d005a679b97a84ed5ff43296f576a684d16c60ff9ab2d5f20c9ccde2a1137','mem-001.png','1550512147','2019-02-21 18:11:39'),(401,'ffd6fbf311954c6ed1dc2e7e9a3beb9ac2e4e188dbb96e25b472fdd2634ab317','hd-sas-35-001.png','1550783574','2019-02-21 18:12:54'),(402,'079d005a679b97a84ed5ff43296f576a684d16c60ff9ab2d5f20c9ccde2a1137','mem-001.png','1550512147','2019-02-21 18:17:09'),(403,'a89660b092144c4ccb0685234a7763df1cce4b0c4b1fdb9b55a77f34b38b3b06','nobreak-003.png','1550777676','2019-02-21 18:18:43'),(404,'ffd6fbf311954c6ed1dc2e7e9a3beb9ac2e4e188dbb96e25b472fdd2634ab317','hd-sas-35-001.png','1550783574','2019-02-21 18:20:28'),(405,'079d005a679b97a84ed5ff43296f576a684d16c60ff9ab2d5f20c9ccde2a1137','mem-001.png','1550512147','2019-02-21 18:24:22'),(407,'11753f466051404c11f85c2639854090fede193d921b987c02d9072a99b5fc23','hd-sata-35-002.png','1550170644','2019-02-21 18:44:34'),(408,'11753f466051404c11f85c2639854090fede193d921b987c02d9072a99b5fc23','hd-sata-35-002.png','1550170644','2019-02-21 18:44:34'),(409,'ea912269da8f4de2317c86a45778f149265f71861a691d6dd3841f23b38fe0f2','hd-sas-35-003.png','1550170783','2019-02-21 18:44:34'),(410,'bc9943eb54ea8ca4015324838cf9f67cad861d87d11ace3c2384555208257b89','hd-sas-25-003.png','1550779246','2019-02-21 18:45:03'),(411,'079d005a679b97a84ed5ff43296f576a684d16c60ff9ab2d5f20c9ccde2a1137','mem-001.png','1550512147','2019-02-22 14:32:00'),(412,'40f90e47dd371db64a2c4beff23deda8b14bc4d3ace757d5c5d6b7a8fec3c4b4','doc.zip','1550858625','2019-02-22 15:03:45'),(413,'40f90e47dd371db64a2c4beff23deda8b14bc4d3ace757d5c5d6b7a8fec3c4b4','doc.zip','1550858625','2019-02-22 15:03:46'),(414,'bc9943eb54ea8ca4015324838cf9f67cad861d87d11ace3c2384555208257b89','hd-sas-25-003.png','1550779246','2019-02-22 15:03:46'),(415,'ae960b77cfdc8ebf30a307896833cbb2f480ba41909896d1eb13de699b95ec4c','nobreak-001.png','1550858626','2019-02-22 15:03:46'),(416,'079d005a679b97a84ed5ff43296f576a684d16c60ff9ab2d5f20c9ccde2a1137','mem-001.png','1550512147','2019-02-22 15:04:21'),(417,'d42f9f55368b7918068599b8138353e4adab254424e90577a12e7f22ce5571b5','hipsters_136_btg.mp3','1550860592','2019-02-22 15:36:32'),(418,'d42f9f55368b7918068599b8138353e4adab254424e90577a12e7f22ce5571b5','hipsters_136_btg.mp3','1550860592','2019-02-22 15:36:33'),(419,'3afb3054e542d121230ee139029f8ea4ee0c6b0395e0fdf7c3795e1dbf16c201','mem-8g-001.png','1550582533','2019-02-22 15:36:33'),(420,'014709829881de8442c415baaca772d2b1d1cbfa0f2f7522521e8cb9819f3fa7','mod-bateria-nobreak-002.png','1550860593','2019-02-22 15:36:33'),(421,'0c16032a3a50347106701323590f06d41afaa5f105ec3844366fbfdd6895e887','mod-bateria-nobreak-001.png','1550171042','2019-02-22 16:19:29'),(422,'079d005a679b97a84ed5ff43296f576a684d16c60ff9ab2d5f20c9ccde2a1137','mem-001.png','1550512147','2019-02-22 16:20:00'),(423,'0c16032a3a50347106701323590f06d41afaa5f105ec3844366fbfdd6895e887','mod-bateria-nobreak-001.png','1550171042','2019-02-22 16:20:39'),(424,'11753f466051404c11f85c2639854090fede193d921b987c02d9072a99b5fc23','hd-sata-35-002.png','1550170644','2019-02-22 16:21:01'),(426,'da5789a3bfee29ab23e1f5fee4f5aa3c12d4b724bdfc5719883d15abaa0cfa7f','Spin469.mp3','1550869096','2019-02-22 17:58:16'),(427,'da5789a3bfee29ab23e1f5fee4f5aa3c12d4b724bdfc5719883d15abaa0cfa7f','Spin469.mp3','1550869096','2019-02-22 17:58:17'),(428,'8c737a47e59eaf8b9afe4d98ea800123710f2681c1a8d5571f694ece2ef8c787','mod-bateria-nobreak-003.png','1550869097','2019-02-22 17:58:17'),(429,'ffd6fbf311954c6ed1dc2e7e9a3beb9ac2e4e188dbb96e25b472fdd2634ab317','hd-sas-35-001.png','1550783574','2019-02-22 17:58:17'),(433,'bef81064fd3ad460a70dce705cf308fc2387fa1e22ab33a7311c9cff8ba421aa','hd-sas-35-002.png','1550775796','2019-02-25 16:08:39'),(446,'a89660b092144c4ccb0685234a7763df1cce4b0c4b1fdb9b55a77f34b38b3b06','nobreak-003.png','1550777676','2019-02-25 17:36:51'),(447,'bef81064fd3ad460a70dce705cf308fc2387fa1e22ab33a7311c9cff8ba421aa','hd-sas-35-002.png','1550775796','2019-02-25 18:36:06');
/*!40000 ALTER TABLE `arquivo` ENABLE KEYS */;
UNLOCK TABLES;
/*!50003 SET @saved_cs_client      = @@character_set_client */ ;
/*!50003 SET @saved_cs_results     = @@character_set_results */ ;
/*!50003 SET @saved_col_connection = @@collation_connection */ ;
/*!50003 SET character_set_client  = utf8 */ ;
/*!50003 SET character_set_results = utf8 */ ;
/*!50003 SET collation_connection  = utf8_general_ci */ ;
/*!50003 SET @saved_sql_mode       = @@sql_mode */ ;
/*!50003 SET sql_mode              = 'ONLY_FULL_GROUP_BY,STRICT_TRANS_TABLES,NO_ZERO_IN_DATE,NO_ZERO_DATE,ERROR_FOR_DIVISION_BY_ZERO,NO_ENGINE_SUBSTITUTION' */ ;
DELIMITER ;;
/*!50003 CREATE*/ /*!50017 DEFINER=`root`@`%`*/ /*!50003 TRIGGER atualiza_dthr_criacao_arquivo BEFORE INSERT ON arquivo
  FOR EACH ROW
  BEGIN
    set NEW.dthr_criacao=now();
  end */;;
DELIMITER ;
/*!50003 SET sql_mode              = @saved_sql_mode */ ;
/*!50003 SET character_set_client  = @saved_cs_client */ ;
/*!50003 SET character_set_results = @saved_cs_results */ ;
/*!50003 SET collation_connection  = @saved_col_connection */ ;

--
-- Table structure for table `compra`
--

DROP TABLE IF EXISTS `compra`;
/*!40101 SET @saved_cs_client     = @@character_set_client */;
/*!40101 SET character_set_client = utf8 */;
CREATE TABLE `compra` (
  `id` bigint(20) NOT NULL AUTO_INCREMENT,
  `cod_projeto` char(10) DEFAULT NULL,
  `justificativa` text NOT NULL,
  `obs` varchar(100) DEFAULT NULL,
  `outroarq` bigint(20) DEFAULT NULL,
  `estado` bigint(20) NOT NULL,
  `descricao` text NOT NULL,
  `quantidade` int(11) NOT NULL DEFAULT '1',
  `modelo` varchar(50) DEFAULT NULL,
  `usuario` varchar(30) NOT NULL,
  `tipo_despesa` bigint(20) NOT NULL,
  `tipo_solicitacao` bigint(20) NOT NULL,
  `despesa_recorrente` tinyint(1) NOT NULL DEFAULT '1',
  `dthr_criacao` datetime DEFAULT CURRENT_TIMESTAMP,
  PRIMARY KEY (`id`),
  KEY `compra_arquivo_id_fk` (`outroarq`),
  KEY `compra_estado_compra_id_fk` (`estado`),
  KEY `fk_tipo_despesa` (`tipo_despesa`),
  KEY `fk_tipo_solicitacao` (`tipo_solicitacao`),
  CONSTRAINT `compra_arquivo_id_fk` FOREIGN KEY (`outroarq`) REFERENCES `arquivo` (`id`) ON DELETE SET NULL ON UPDATE CASCADE,
  CONSTRAINT `compra_estado_compra_id_fk` FOREIGN KEY (`estado`) REFERENCES `estado_compra` (`id`) ON UPDATE CASCADE,
  CONSTRAINT `compra_ibfk_1` FOREIGN KEY (`tipo_despesa`) REFERENCES `tipo_despesa` (`id`) ON DELETE CASCADE ON UPDATE CASCADE,
  CONSTRAINT `compra_ibfk_2` FOREIGN KEY (`tipo_solicitacao`) REFERENCES `tipo_solicitacao` (`id`) ON DELETE CASCADE ON UPDATE CASCADE
) ENGINE=InnoDB AUTO_INCREMENT=106 DEFAULT CHARSET=latin1;
/*!40101 SET character_set_client = @saved_cs_client */;

--
-- Dumping data for table `compra`
--

LOCK TABLES `compra` WRITE;
/*!40000 ALTER TABLE `compra` DISABLE KEYS */;
INSERT INTO `compra` VALUES (34,NULL,'aqweqwe',NULL,88,1,'PLACA DE FENOLITE 10X15 PARA CIRCUITO IMPRESSO (PCI) \nPlaca virgem produzida em fenolite com uma camada simples de cobre sobre sua superfície lisa, sem perfurações ou qualquer tipo de marcação;\nDimensões: 10 x 15 cm\nEspessura 1,5 mm\nConjunto composto por 20 unidades do material.',33,'asdads','ssi',1,1,1,'2019-02-01 13:07:23'),(35,'666','aqweqwe','123123123',88,1,'2323232',1111,'232323','ssi',1,1,1,'2019-02-01 13:07:23'),(36,'666','aqweqwe','123123123',95,1,'asdasd',33,'asdads','ssi',1,1,1,'2019-02-01 13:07:23'),(37,'666','aqweqwe','123123123',95,1,'2323232',1111,'232323','ssi',1,1,1,'2019-02-01 13:07:23'),(39,'666','aqweqwe','123123123',101,1,'asdasd',33,'asdads','ssi',1,1,1,'2019-02-01 13:07:23'),(40,'666','aqweqwe','123123123',101,1,'23',1111,'232323','ssi',1,1,1,'2019-02-01 13:07:23'),(41,'666','232323','q',107,1,'qqqwe',2323,'323','ssi',1,1,1,'2019-02-01 13:07:23'),(42,'666','232323','q',110,1,'qqqwe',2323,'323','ssi',1,1,1,'2019-02-01 13:07:23'),(43,'666','compras para laboratorio','',113,1,'multimetro digital zyasd',5,'fluke','ssi',1,1,1,'2019-02-01 13:07:23'),(45,'666','justsduio','123',NULL,1,'qqq',2,'a','ssi',1,1,1,'2019-02-01 13:07:23'),(46,'666','justsduio','123',NULL,1,'qqq',2,'a','ssi',1,1,1,'2019-02-01 13:07:23'),(47,'666','justsduio','123',NULL,1,'qqq',2,'a','ssi',1,1,1,'2019-02-01 13:07:23'),(48,'666','justsduio','123',NULL,1,'qqq',2,'a','ssi',1,1,1,'2019-02-01 13:07:23'),(49,'666','justsduio','123',NULL,1,'bolovo',2,'a','ssi',1,1,1,'2019-02-01 13:07:23'),(50,'666','justsduio','123',NULL,1,'qqq',2,'a','ssi',1,1,1,'2019-02-01 13:07:23'),(51,'666','justsduio','123',NULL,1,'qqq',2,'a','ssi',1,1,1,'2019-02-01 13:07:23'),(52,'666','justsduio','123',NULL,1,'qqq',2,'a','ssi',1,1,1,'2019-02-01 13:07:23'),(53,'666','justsduio','123',NULL,1,'qqq',2,'a','ssi',1,1,1,'2019-02-01 13:07:23'),(54,'666','justsduio','123',NULL,1,'qqq',2,'a','ssi',1,1,1,'2019-02-01 13:07:23'),(55,'666','justsduio','123',NULL,1,'qqq',2,'a','ssi',1,1,1,'2019-02-01 13:07:23'),(56,'666','justsduio','123',NULL,1,'qqq',2,'a','ssi',1,1,1,'2019-02-01 13:07:23'),(57,'666','justsduio','123',NULL,1,'qqq',2,'a','ssi',1,1,1,'2019-02-01 13:07:23'),(58,'666','justsduio','123',NULL,1,'qqq',2,'a','ssi',1,1,1,'2019-02-01 13:07:23'),(68,'666','z',NULL,NULL,1,'x',7,NULL,'brlaranjeira',1,1,1,'2019-02-01 13:07:23'),(69,'666','z',NULL,NULL,1,'x',7,NULL,'brlaranjeira',1,1,1,'2019-02-01 13:07:23'),(70,'666','zxc',NULL,NULL,1,'x',7,NULL,'brlaranjeira',1,1,1,'2019-02-01 13:07:23'),(71,'666','z',NULL,NULL,1,'x',7,NULL,'brlaranjeira',1,1,1,'2019-02-01 13:07:23'),(72,'666','z',NULL,NULL,1,'x',7,NULL,'brlaranjeira',1,1,1,'2019-02-01 13:07:23'),(74,'666','ad',NULL,NULL,1,'asd',1,'asd','ssi',1,1,1,'2019-02-01 13:07:23'),(75,'666','z',NULL,NULL,1,'z',7,NULL,'brlaranjeira',1,1,1,'2019-02-01 13:07:23'),(76,'666','z',NULL,NULL,1,'z',7,NULL,'brlaranjeira',1,1,1,'2019-02-01 13:07:23'),(77,'666','z',NULL,NULL,1,'z',7,NULL,'brlaranjeira',1,1,1,'2019-02-01 13:07:23'),(78,'666','zz',NULL,NULL,1,'z',7,NULL,'brlaranjeira',1,1,1,'2019-02-01 13:07:23'),(79,'666','1',NULL,NULL,1,'2',31,NULL,'brlaranjeira',1,1,1,'2019-02-01 13:07:23'),(80,'666','123',NULL,NULL,1,'123',123,'123','brlaranjeira',1,1,1,'2019-02-01 13:07:23'),(81,'666','23',NULL,NULL,1,'23',23,'23','brlaranjeira',1,1,1,'2019-02-01 13:07:23'),(82,'666','teste orcamento',NULL,NULL,1,'teste orcamento',1,NULL,'ssi',1,1,1,'2019-02-01 13:07:23'),(83,'666','123',NULL,NULL,1,'234',1,NULL,'ssi',1,1,1,'2019-02-01 13:07:23'),(85,NULL,'j1','obsx',335,1,'blablabla',12,'marcax','brlaranjeira',1,1,1,NULL),(86,NULL,'zzzz','zzzz',341,1,'zzzz',55,'zzz','brlaranjeira',1,1,1,NULL),(88,NULL,'AAAAA',NULL,NULL,1,'AAAAAAAAAAAAAAAAAA',1221,'ZZ','brlaranjeira',1,1,1,NULL),(89,NULL,'123',NULL,NULL,1,'asd',123,'123','brlaranjeira',1,1,1,NULL),(90,NULL,'123123231',NULL,NULL,1,'312312',123231,'213231','brlaranjeira',1,1,1,NULL),(91,NULL,'123123',NULL,NULL,1,'123123',123123,'123123','brlaranjeira',1,1,1,NULL),(92,NULL,'zxc',NULL,NULL,1,'123123',123123,'123123','brlaranjeira',1,1,1,NULL),(93,NULL,'zxc',NULL,NULL,1,'123123',123123,'123123','brlaranjeira',1,1,1,NULL),(94,NULL,'qqqq',NULL,NULL,1,'qqq',111,'qqq','brlaranjeira',1,1,1,NULL),(95,NULL,'qwkeuqwkeu','0a9sd90asd',NULL,1,'qqweqweqwe',2222,'3333','brlaranjeira',1,1,1,NULL),(96,NULL,'BATATA','BATATA',NULL,1,'BATATA',1111,'BATATA','brlaranjeira',1,1,1,NULL),(97,NULL,'qewqwe',NULL,NULL,1,'qweqwe',123,'qwe','brlaranjeira',1,1,1,NULL),(98,NULL,'oij',NULL,NULL,1,'AAAAAAAAAAAAAAAAAAAAa',1111,'654654','brlaranjeira',1,1,1,NULL),(99,NULL,'TESTE','OBS1',379,1,'DESC TESTE',12,'MARCAX','brlaranjeira',1,1,1,NULL),(100,NULL,'necessario para tal coisa e tal coisa','obs',408,1,'descricao do item',12,'marca','ssi',1,1,1,NULL),(101,NULL,'111','123',413,1,'123123',1212,'1212','brlaranjeira',1,1,1,NULL),(102,NULL,'123',NULL,NULL,1,'123123',2323,'123123','brlaranjeira',1,1,1,NULL),(103,NULL,'123',NULL,418,1,'123',123,'123','brlaranjeira',1,1,1,NULL),(104,NULL,'123',NULL,418,1,'123',132,'123','brlaranjeira',1,1,1,NULL),(105,NULL,'JJJJJJ','OBSERVACAO IMPORTANTE',427,1,'111',1231,'2323','brlaranjeira',1,1,1,NULL);
/*!40000 ALTER TABLE `compra` ENABLE KEYS */;
UNLOCK TABLES;

--
-- Table structure for table `estado_compra`
--

DROP TABLE IF EXISTS `estado_compra`;
/*!40101 SET @saved_cs_client     = @@character_set_client */;
/*!40101 SET character_set_client = utf8 */;
CREATE TABLE `estado_compra` (
  `id` bigint(20) NOT NULL AUTO_INCREMENT,
  `descricao` varchar(255) NOT NULL,
  PRIMARY KEY (`id`)
) ENGINE=InnoDB AUTO_INCREMENT=2 DEFAULT CHARSET=latin1;
/*!40101 SET character_set_client = @saved_cs_client */;

--
-- Dumping data for table `estado_compra`
--

LOCK TABLES `estado_compra` WRITE;
/*!40000 ALTER TABLE `estado_compra` DISABLE KEYS */;
INSERT INTO `estado_compra` VALUES (1,'Compra Solicitada');
/*!40000 ALTER TABLE `estado_compra` ENABLE KEYS */;
UNLOCK TABLES;

--
-- Table structure for table `orcamento`
--

DROP TABLE IF EXISTS `orcamento`;
/*!40101 SET @saved_cs_client     = @@character_set_client */;
/*!40101 SET character_set_client = utf8 */;
CREATE TABLE `orcamento` (
  `id` bigint(20) NOT NULL AUTO_INCREMENT,
  `arquivo` bigint(20) NOT NULL,
  `compra` bigint(20) DEFAULT NULL,
  `valor` float(14,2) NOT NULL,
  `dthr_criacao` datetime NOT NULL DEFAULT CURRENT_TIMESTAMP,
  `dthr_modificacao` timestamp NULL DEFAULT NULL,
  PRIMARY KEY (`id`),
  UNIQUE KEY `UNIQ_4B1DD46D8D7AFF22` (`arquivo`),
  KEY `orcamento_compra_id_fk` (`compra`)
) ENGINE=InnoDB AUTO_INCREMENT=203 DEFAULT CHARSET=latin1;
/*!40101 SET character_set_client = @saved_cs_client */;

--
-- Dumping data for table `orcamento`
--

LOCK TABLES `orcamento` WRITE;
/*!40000 ALTER TABLE `orcamento` DISABLE KEYS */;
INSERT INTO `orcamento` VALUES (55,92,35,7.00,'2019-01-30 11:42:43',NULL),(58,96,36,3.00,'2019-01-30 11:42:43',NULL),(59,97,36,5.00,'2019-01-30 11:42:43',NULL),(60,98,37,7.00,'2019-01-30 11:42:43',NULL),(63,102,39,3.00,'2019-01-30 11:42:43',NULL),(64,103,39,5.00,'2019-01-30 11:42:43',NULL),(65,104,40,7.00,'2019-01-30 11:42:43',NULL),(66,105,40,23.00,'2019-01-30 11:42:43',NULL),(67,106,40,1231.00,'2019-01-30 11:42:43',NULL),(68,108,41,1.00,'2019-01-30 11:42:43',NULL),(69,109,41,231.00,'2019-01-30 11:42:43',NULL),(70,111,42,1.00,'2019-01-30 11:42:43',NULL),(71,112,42,231.00,'2019-01-30 11:42:43',NULL),(72,114,43,7.00,'2019-01-30 11:42:43',NULL),(73,115,43,23.00,'2019-01-30 11:42:43',NULL),(74,116,43,1231.00,'2019-01-30 11:42:43',NULL),(75,121,45,40.00,'2019-01-30 11:42:43',NULL),(76,122,45,444.00,'2019-01-30 11:42:43',NULL),(77,123,46,40.00,'2019-01-30 11:42:43',NULL),(78,124,46,444.00,'2019-01-30 11:42:43',NULL),(79,125,47,40.00,'2019-01-30 11:42:43',NULL),(80,126,47,444.00,'2019-01-30 11:42:43',NULL),(81,127,48,40.00,'2019-01-30 11:42:43',NULL),(82,128,48,444.00,'2019-01-30 11:42:43',NULL),(83,129,49,40.00,'2019-01-30 11:42:43',NULL),(84,130,49,444.00,'2019-01-30 11:42:43',NULL),(85,131,50,40.00,'2019-01-30 11:42:43',NULL),(86,132,50,444.00,'2019-01-30 11:42:43',NULL),(87,133,51,40.00,'2019-01-30 11:42:43',NULL),(88,134,51,444.00,'2019-01-30 11:42:43',NULL),(89,135,52,40.00,'2019-01-30 11:42:43',NULL),(90,136,52,444.00,'2019-01-30 11:42:43',NULL),(91,137,53,40.00,'2019-01-30 11:42:43',NULL),(92,138,53,444.00,'2019-01-30 11:42:43',NULL),(93,139,54,40.00,'2019-01-30 11:42:43',NULL),(94,140,54,444.00,'2019-01-30 11:42:43',NULL),(95,141,55,40.00,'2019-01-30 11:42:43',NULL),(96,142,55,444.00,'2019-01-30 11:42:43',NULL),(97,143,56,40.00,'2019-01-30 11:42:43',NULL),(98,144,56,444.00,'2019-01-30 11:42:43',NULL),(99,145,57,40.00,'2019-01-30 11:42:43',NULL),(100,146,57,444.00,'2019-01-30 11:42:43',NULL),(101,147,58,40.00,'2019-01-30 11:42:43',NULL),(102,148,58,444.00,'2019-01-30 11:42:43',NULL),(114,160,70,0.00,'2019-01-30 11:42:43',NULL),(115,161,71,0.00,'2019-01-30 11:42:43',NULL),(116,162,72,0.00,'2019-01-30 11:42:43',NULL),(118,164,74,1.00,'2019-01-30 11:42:43',NULL),(119,165,75,0.00,'2019-01-30 11:42:43',NULL),(120,166,76,0.00,'2019-01-30 11:42:43',NULL),(121,167,77,0.00,'2019-01-30 11:42:43',NULL),(122,168,78,0.00,'2019-01-30 11:42:43',NULL),(123,169,79,1.00,'2019-01-30 11:42:43',NULL),(124,170,80,1.00,'2019-01-30 11:42:43',NULL),(125,171,81,23.00,'2019-01-30 11:42:43',NULL),(126,172,82,1234.00,'2019-01-30 11:42:43',NULL),(127,173,83,987.65,'2019-01-30 11:42:43',NULL),(128,347,NULL,1.00,'2019-02-14 16:15:45',NULL),(129,348,NULL,1.00,'2019-02-14 16:15:45',NULL),(130,351,NULL,3.00,'2019-02-14 16:33:02',NULL),(131,352,NULL,2.00,'2019-02-14 16:33:02',NULL),(132,354,NULL,1.00,'2019-02-14 16:37:08',NULL),(133,356,NULL,3121.00,'2019-02-14 16:37:27',NULL),(134,358,NULL,1231.00,'2019-02-14 16:37:44',NULL),(135,360,NULL,1231.00,'2019-02-14 16:38:36',NULL),(136,369,NULL,1231.00,'2019-02-14 16:48:54',NULL),(137,371,NULL,1.00,'2019-02-14 16:57:24',NULL),(138,372,NULL,1.00,'2019-02-14 16:59:43',NULL),(139,373,96,22.00,'2019-02-14 17:04:02',NULL),(140,374,97,123.45,'2019-02-18 14:49:08',NULL),(141,375,98,11.11,'2019-02-18 15:30:04',NULL),(142,376,98,22.22,'2019-02-18 15:30:04',NULL),(143,377,98,33.33,'2019-02-18 15:30:04',NULL),(144,380,99,100.00,'2019-02-19 10:22:13',NULL),(145,381,99,105.00,'2019-02-19 10:22:13',NULL),(146,382,99,108.00,'2019-02-19 10:22:13',NULL),(150,386,35,8.50,'2019-02-21 16:58:06',NULL),(151,387,36,23.23,'2019-02-21 16:59:27',NULL),(152,388,39,5.50,'2019-02-21 17:00:46',NULL),(153,389,37,2.22,'2019-02-21 17:28:50',NULL),(154,390,41,8989.89,'2019-02-21 17:29:32',NULL),(155,391,35,23.13,'2019-02-21 17:34:46',NULL),(156,392,42,2.22,'2019-02-21 17:37:10',NULL),(157,393,45,3.33,'2019-02-21 17:40:07',NULL),(158,394,37,1.23,'2019-02-21 17:41:19',NULL),(159,395,46,1.11,'2019-02-21 17:47:38',NULL),(160,396,34,1.15,'2019-02-21 18:04:03',NULL),(171,409,100,150.00,'2019-02-21 18:44:34',NULL),(172,410,100,180.00,'2019-02-21 18:45:03',NULL),(173,414,101,1231.23,'2019-02-22 15:03:46',NULL),(174,415,101,23.23,'2019-02-22 15:03:46',NULL),(175,416,102,1231.23,'2019-02-22 15:04:21',NULL),(176,419,103,1.23,'2019-02-22 15:36:33',NULL),(177,420,104,1231.23,'2019-02-22 15:36:33',NULL),(183,428,105,12.22,'2019-02-22 17:58:17',NULL),(184,429,105,232.32,'2019-02-22 17:58:17',NULL),(188,433,69,2.34,'2019-02-25 16:08:39',NULL),(201,446,68,56.56,'2019-02-25 17:36:51',NULL),(202,447,68,50.50,'2019-02-25 18:36:06',NULL);
/*!40000 ALTER TABLE `orcamento` ENABLE KEYS */;
UNLOCK TABLES;
/*!50003 SET @saved_cs_client      = @@character_set_client */ ;
/*!50003 SET @saved_cs_results     = @@character_set_results */ ;
/*!50003 SET @saved_col_connection = @@collation_connection */ ;
/*!50003 SET character_set_client  = utf8 */ ;
/*!50003 SET character_set_results = utf8 */ ;
/*!50003 SET collation_connection  = utf8_general_ci */ ;
/*!50003 SET @saved_sql_mode       = @@sql_mode */ ;
/*!50003 SET sql_mode              = 'ONLY_FULL_GROUP_BY,STRICT_TRANS_TABLES,NO_ZERO_IN_DATE,NO_ZERO_DATE,ERROR_FOR_DIVISION_BY_ZERO,NO_ENGINE_SUBSTITUTION' */ ;
DELIMITER ;;
/*!50003 CREATE*/ /*!50017 DEFINER=`root`@`%`*/ /*!50003 TRIGGER atualiza_dthr_criacao_orcameto BEFORE INSERT ON orcamento
  FOR EACH ROW
  BEGIN
    set NEW.dthr_criacao=now();
  end */;;
DELIMITER ;
/*!50003 SET sql_mode              = @saved_sql_mode */ ;
/*!50003 SET character_set_client  = @saved_cs_client */ ;
/*!50003 SET character_set_results = @saved_cs_results */ ;
/*!50003 SET collation_connection  = @saved_col_connection */ ;
/*!50003 SET @saved_cs_client      = @@character_set_client */ ;
/*!50003 SET @saved_cs_results     = @@character_set_results */ ;
/*!50003 SET @saved_col_connection = @@collation_connection */ ;
/*!50003 SET character_set_client  = utf8 */ ;
/*!50003 SET character_set_results = utf8 */ ;
/*!50003 SET collation_connection  = utf8_general_ci */ ;
/*!50003 SET @saved_sql_mode       = @@sql_mode */ ;
/*!50003 SET sql_mode              = 'ONLY_FULL_GROUP_BY,STRICT_TRANS_TABLES,NO_ZERO_IN_DATE,NO_ZERO_DATE,ERROR_FOR_DIVISION_BY_ZERO,NO_ENGINE_SUBSTITUTION' */ ;
DELIMITER ;;
/*!50003 CREATE*/ /*!50017 DEFINER=`root`@`%`*/ /*!50003 TRIGGER atualiza_dthr_modificacao_orcamento BEFORE UPDATE ON orcamento
  FOR EACH ROW
  BEGIN
    set NEW.dthr_modificacao=now();
  end */;;
DELIMITER ;
/*!50003 SET sql_mode              = @saved_sql_mode */ ;
/*!50003 SET character_set_client  = @saved_cs_client */ ;
/*!50003 SET character_set_results = @saved_cs_results */ ;
/*!50003 SET collation_connection  = @saved_col_connection */ ;

--
-- Table structure for table `tipo_despesa`
--

DROP TABLE IF EXISTS `tipo_despesa`;
/*!40101 SET @saved_cs_client     = @@character_set_client */;
/*!40101 SET character_set_client = utf8 */;
CREATE TABLE `tipo_despesa` (
  `id` bigint(20) NOT NULL AUTO_INCREMENT,
  `descricao` varchar(50) NOT NULL,
  PRIMARY KEY (`id`),
  UNIQUE KEY `tipo_despesa_descricao_uindex` (`descricao`)
) ENGINE=InnoDB AUTO_INCREMENT=6 DEFAULT CHARSET=latin1;
/*!40101 SET character_set_client = @saved_cs_client */;

--
-- Dumping data for table `tipo_despesa`
--

LOCK TABLES `tipo_despesa` WRITE;
/*!40000 ALTER TABLE `tipo_despesa` DISABLE KEYS */;
INSERT INTO `tipo_despesa` VALUES (1,'Material de Consumo'),(2,'Material Permanente'),(3,'Serviços de Pessoa Física'),(4,'Serviços de Pessoa Jurídica'),(5,'Software');
/*!40000 ALTER TABLE `tipo_despesa` ENABLE KEYS */;
UNLOCK TABLES;

--
-- Table structure for table `tipo_solicitacao`
--

DROP TABLE IF EXISTS `tipo_solicitacao`;
/*!40101 SET @saved_cs_client     = @@character_set_client */;
/*!40101 SET character_set_client = utf8 */;
CREATE TABLE `tipo_solicitacao` (
  `id` bigint(20) NOT NULL AUTO_INCREMENT,
  `descricao` varchar(50) NOT NULL,
  PRIMARY KEY (`id`),
  UNIQUE KEY `tipo_solicitacao_descricao_uindex` (`descricao`)
) ENGINE=InnoDB AUTO_INCREMENT=3 DEFAULT CHARSET=latin1;
/*!40101 SET character_set_client = @saved_cs_client */;

--
-- Dumping data for table `tipo_solicitacao`
--

LOCK TABLES `tipo_solicitacao` WRITE;
/*!40000 ALTER TABLE `tipo_solicitacao` DISABLE KEYS */;
INSERT INTO `tipo_solicitacao` VALUES (2,'Dispensa de Licitação'),(1,'Registro de Preços');
/*!40000 ALTER TABLE `tipo_solicitacao` ENABLE KEYS */;
UNLOCK TABLES;

--
-- Dumping events for database 'devadmctism'
--

--
-- Dumping routines for database 'devadmctism'
--
/*!40103 SET TIME_ZONE=@OLD_TIME_ZONE */;

/*!40101 SET SQL_MODE=@OLD_SQL_MODE */;
/*!40014 SET FOREIGN_KEY_CHECKS=@OLD_FOREIGN_KEY_CHECKS */;
/*!40014 SET UNIQUE_CHECKS=@OLD_UNIQUE_CHECKS */;
/*!40101 SET CHARACTER_SET_CLIENT=@OLD_CHARACTER_SET_CLIENT */;
/*!40101 SET CHARACTER_SET_RESULTS=@OLD_CHARACTER_SET_RESULTS */;
/*!40101 SET COLLATION_CONNECTION=@OLD_COLLATION_CONNECTION */;
/*!40111 SET SQL_NOTES=@OLD_SQL_NOTES */;

-- Dump completed on 2019-02-26 15:44:45
